HABITAT,FUNTIONAL GROUP
benthic,basal taxa
benthic,benthos
benthic,benthos
benthic,basal taxa
benthic,benthos
benthic,zooplankton
benthic,basal taxa
benthic,benthos
benthic,zooplankton
benthic,basal taxa
benthic,benthos
benthic,benthos
benthic,fish
benthic,benthos
benthic,zooplankton
benthic,benthos
benthopelagic,zooplankton
benthic,benthos
benthic,basal taxa
benthic,benthos
benthic,benthos
benthic,basal taxa
benthic,basal taxa
benthic,basal taxa
benthopelagic,detritus
benthic,detritus
pelagic,basal taxa
benthic,benthos
benthic,benthos
benthic,benthos
benthic,basal taxa
benthopelagic,benthos
pelagic,zooplankton
benthic,zooplankton
benthic,benthos
benthic,benthos
benthic,basal taxa
benthic,basal taxa
benthic,basal taxa
benthic,zooplankton
benthic,benthos
benthic,zooplankton
benthic,fish
benthic,benthos
benthic,zooplankton
benthopelagic,benthos
pelagic,zooplankton
benthic,basal taxa
benthic,benthos
benthic,basal taxa
benthic,benthos
benthic,fish
benthic,benthos
benthic,benthos
benthic,benthos
benthic,basal taxa
benthic,benthos
benthic,basal taxa
benthic,benthos
benthopelagic,zooplankton
benthic,benthos
benthopelagic,detritus
benthic,benthos
benthic,benthos
benthic,benthos
benthopelagic,benthos
benthic,basal taxa
benthopelagic,fish
benthopelagic,fish
benthopelagic,benthos
benthic,benthos
benthic,benthos
benthic,benthos
benthic,benthos
benthic,benthos
benthic,zooplankton
benthic,benthos
benthopelagic,zooplankton
benthic,basal taxa
benthic,basal taxa
benthic,fish
benthic,zooplankton
benthic,benthos
benthic,benthos
benthic,zooplankton
benthic,benthos
benthic,benthos
benthic,basal taxa
pelagic,basal taxa
benthic,basal taxa
benthic,benthos
pelagic,zooplankton
benthic,basal taxa
benthic,benthos
benthic,zooplankton
benthic,benthos
benthic,basal taxa
benthic,benthos
benthic,zooplankton
benthic,zooplankton
pelagic,fish
benthic,zooplankton
benthic,basal taxa
benthic,benthos
benthic,benthos
pelagic,zooplankton
benthic,benthos
benthic,benthos
benthopelagic,benthos
benthic,benthos
benthic,benthos
benthic,benthos
benthic,benthos
benthic,basal taxa
benthopelagic,fish
benthopelagic,fish
benthic,basal taxa
benthic,basal taxa
benthic,benthos
benthic,zooplankton
benthic,benthos
benthopelagic,zooplankton
